test,comparison,exit_code,seconds,instructions,max_rss_bytes,reference_seconds
bogus1,match,1,0.021195853,54506085,13537280,0.154219
cedar,not_run,,,,,
con-leche,not_run,,,,,
constlevels,match,1,0.01719249,70923811,13586432,0.052412
corner-cases/alg-conv-trans-acc,match,1,0.052531977,327280294,13557760,0.116871
corner-cases/alg-conv-trans-acc-left,match,0,0.054413429000000006,328966263,13586432,0.054161
corner-cases/alg-conv-trans-acc-right,match,0,0.08906201100000001,342004623,13574144,0.053328
corner-cases/alg-conv-trans-quot,match,1,0.015570232000000002,51567368,13606912,0.100594
corner-cases/alg-conv-trans-quot-left,match,1,0.012593113000000001,52000942,13537280,0.107723
corner-cases/alg-conv-trans-quot-left-def,match,0,0.023562315,58659632,13594624,0.045685
corner-cases/alg-conv-trans-quot-right,match,0,0.028136225,53700821,13549568,0.047269
corner-cases/imax-right-successor,match,1,0.019313518000000002,22120852,12713984,0.097429
corner-cases/positivity-whnf,match,1,0.011266914000000001,31046911,13574144,0.045438
corner-cases/proj-maybe-prop,match,1,0.018097694,43010445,13586432,0.054823
corner-cases/proj-maybe-prop-past,match,1,0.017843686,43285358,13488128,0.047342
corner-cases/proof-param-ok,match,0,0.01286073,29055981,13475840,0.043446
corner-cases/proof-param-swap,match,1,0.012533244,27119819,13524992,0.042739
corner-cases/subject-reduction-redex,match,0,0.056662578000000005,341980609,13598720,0.057601
corner-cases/subject-reduction-reduct,match,1,0.055300327,327572254,13590528,0.055586
cslib,not_run,,,,,
ctor-num-fields,match,1,0.030037827000000003,134690353,13471744,0.107589
extra-rec,match,1,0.011371158000000001,22824823,13574144,0.042503
init,match,0,728.41497328,4939477247833,516108288,58.096284862
init-prelude,match,0,2.7742188320000003,19802761649,20611072,0.43252
k-rec-conv,match,1,0.014055244000000001,64729660,13479936,0.10453
large-elim-param,match,1,0.009648602000000001,33416173,13611008,0.046947
large-elim-prop-bool,match,1,0.022563412,90190132,13598720,0.043599
level-imax-leq,match,1,0.009943099,31584226,13488128,0.094488
level-imax-normalization,match,1,0.009391801,31829030,13541376,0.100938
level-index-out-of-order,match,0,0.007130434000000001,20110570,12816384,0.039153
mathlib,match,0,15576.516371738,129625380995922,7610122240,4247.795138804
nat-rec-k-lie,match,1,0.011866424,36737499,13557760,0.109812
nat-rec-rules,match,1,0.01345407,38963321,13582336,0.047125
nested-nonuniform-param,match,0,0.015176106000000002,49804784,13524992,0.053961
nested-unused-param,match,1,0.042058130000000006,259053017,13545472,0.055464
orphan-ctor,match,1,0.017094214,23118873,12812288,0.046613
orphan-rec,match,1,0.010226339000000001,22670891,12713984,0.052484
perf/app-lam,match,0,158.22265451200002,627401636697,3286740992,14.091009
perf/args-before-unfold,match,0,0.127536744,721243358,20578304,0.055069
perf/beta-ladder,match,0,36.060384512,185351545235,832491520,4.578791
perf/church-numerals,match,0,0.38891684400000004,2653423934,117358592,0.221675
perf/discarded-argument,match,0,2.793525104,22555900800,15114240,0.916718
perf/discarded-argument-match,match,0,8.213015013,66010016681,17514496,7.417337
perf/folded-constant-first,match,0,0.166387045,1112263227,28483584,0.176405
perf/folded-constant-last,match,0,0.157816584,1110897481,28463104,0.106548
perf/fueled-chain,match,0,0.7765446890000001,5249856227,18243584,0.190114
perf/grind-ring-5,match,0,25.752441858,185838242202,199794688,4.995275
perf/identical-nesting,match,0,0.014143943,44993482,13524992,0.058042
perf/irrelevance-before-evaluation,match,0,0.017879588000000002,73435229,14381056,0.063159
perf/let-ladder,match,0,18.03350228,102407692445,439410688,1.944738
perf/magma-list-deep-n21,match,0,34.180588051,225899961484,380567552,7.331602
perf/magma-list-deep-n36,match,0,463.301891468,2969451022356,5854785536,103.711459
perf/magma-list-pair-n21,match,0,295.879977626,1741423603184,5603774464,46.433217
perf/magma-list-pair-n7,match,0,25.318012606,157674978042,558276608,3.082257
perf/magma-string-n4,match,0,41.420311008000006,284135978084,88612864,6.622355
perf/magma-string-pair-n9,match,0,106.074752851,678258057999,754225152,15.781085
perf/refute-cheap-first,match,1,0.020291706,84193856,12722176,0.107911
perf/refute-cheap-last,match,1,2.994409876,23088152199,15962112,0.908299
perf/repeated-subproblem,match,0,0.015752545,70313055,13578240,0.056813
perf/shared-subterm,match,0,0.39853441700000003,2728523225,31657984,0.119966
perf/shift-cascade,match,0,0.13960161100000001,868355416,16744448,0.078181
perf/unroll-versus-evaluate,match,0,0.029568213000000003,163232806,17514496,0.079994
proj-non-structure,match,1,0.011355846000000001,31447702,13578240,0.043292
proj-of-imax-prop,match,1,0.017350795000000002,70547217,13565952,0.044655
proj-of-prop,match,1,0.010566575,29097838,13475840,0.045754
proj-of-stuck-prop,match,1,0.224015141,1320978629,13598720,0.104069
proj-of-subst-prop,match,1,0.22815569700000002,1335375458,13553664,0.071976
proof-irrel,match,0,0.010331476000000001,24271632,13557760,0.043293
rec-k-lie,match,1,0.010174803000000001,32951358,13598720,0.099403
rec-missing-ih,match,1,0.206515795,1356852886,14368768,0.077443
rec-of-subst-prop,match,1,0.22165938400000001,1409404978,14323712,0.251864
sparse-name-index,match,0,0.013246293000000001,20248249,12779520,0.046253
std,not_run,,,,,
tutorial/001_basicDef,match,0,0.010841032,20335284,12734464,0.044359
tutorial/002_badDef,match,1,0.010011701000000001,20435724,12783616,0.090946
tutorial/003_arrowType,match,0,0.0077937580000000005,21044381,12820480,0.041736
tutorial/004_dependentType,match,0,0.008557573,20768569,12763136,0.03319
tutorial/005_constType,match,0,0.010218809,21807556,12812288,0.042474
tutorial/006_betaReduction,match,0,0.010330575,23327318,12804096,0.037659
tutorial/007_betaReduction2,match,0,0.012354438,24029733,13529088,0.033859
tutorial/008_forallSortWhnf,match,0,0.009783092,22878617,13541376,0.034013
tutorial/009_forallSortBad,match,1,0.009977961,23140581,13606912,0.032957
tutorial/010_nonTypeType,match,1,0.014654062,22520838,12787712,0.034546
tutorial/011_nonTypeAxiom,match,1,0.026249624000000003,22371559,12713984,0.034272
tutorial/012_nonPropThm,match,1,0.009661572,20570898,12750848,0.033201
tutorial/013_thmProof,match,0,0.009431891000000001,23260839,12742656,0.03276
tutorial/014_selfProof,match,1,0.009247597,20755202,12816384,0.032151
tutorial/015_levelComp1,match,0,0.012150706,20631407,12828672,0.042389
tutorial/016_levelComp2,match,0,0.011204042,20977546,12738560,0.043414
tutorial/017_levelComp3,match,0,0.009790523,20351159,12713984,0.042732
tutorial/018_levelParams,match,0,0.010230356000000001,23542665,13516800,0.043295
tutorial/019_tut06_bad01,match,1,0.00919574,20557214,12685312,0.044036
tutorial/020_levelComp4,match,0,0.007890222,20427993,12775424,0.053351
tutorial/021_levelComp5,match,0,0.008097689,20745771,12709888,0.043322
tutorial/022_imax1,match,0,0.008241503,21170959,12742656,0.044428
tutorial/023_imax2,match,0,0.012558241000000001,21258867,12746752,0.055991
tutorial/024_levelMaxComm,match,0,0.009187768,21095183,12775424,0.044745
tutorial/025_levelMaxAssoc,match,0,0.010874702,21523634,12800000,0.045072
tutorial/026_levelMaxIdem,match,0,0.009731065,20727738,12746752,0.044315
tutorial/027_levelMaxAbsorb,match,0,0.009663504,21051710,12771328,0.046735
tutorial/028_inferVar,match,0,0.009929709,21180509,12779520,0.056257
tutorial/029_defEqLambda,match,0,0.008126273,23203959,13504512,0.045833
tutorial/030_peano1,match,0,0.01054297,31363327,13561856,0.046407
tutorial/031_peano2,match,0,0.014737165000000002,36651400,13508608,0.04771
tutorial/032_peano3,match,0,0.015001919,40293931,13541376,0.045214
tutorial/033_letType,match,0,0.011736581000000001,20936238,12812288,0.04674
tutorial/034_letTypeDep,match,0,0.015330236,23498313,12787712,0.04358
tutorial/035_letRed,match,0,0.009473382,21371184,12767232,0.045572
tutorial/036_empty,match,0,0.008494409000000001,22565122,13533184,0.046309
tutorial/037_boolType,match,0,0.01052285,25544070,13537280,0.047908
tutorial/038_twoBool,match,0,0.010980438,29662493,13533184,0.04385
tutorial/039_andType,match,0,0.012376481,29995272,13438976,0.044256
tutorial/040_prodType,match,0,0.011157351000000001,31607369,13582336,0.04392
tutorial/041_pprodType,match,0,0.010603429000000001,31778581,13557760,0.042111
tutorial/042_pUnitType,match,0,0.014433555,24613698,12812288,0.051874
tutorial/043_eqType,match,0,0.008945448,29964521,13541376,0.043611
tutorial/044_natDef,match,0,0.012927769,28543413,13545472,0.043951
tutorial/045_rbTreeDef,match,0,0.020358961000000002,85371371,13549568,0.045298
tutorial/046_inductBadNonSort,match,1,0.010018461000000001,22524408,13561856,0.043818
tutorial/047_inductBadNonSort2,match,1,0.011538096000000001,21267497,12673024,0.058393
tutorial/048_inductLevelParam,match,1,0.012078980000000001,20835486,12742656,0.045413
tutorial/049_inductTooFewParams,match,1,0.012033492000000002,20891570,12812288,0.045625
tutorial/050_inductWrongCtorParams,match,1,0.00936465,22737492,13537280,0.046994
tutorial/051_inductWrongCtorResParams,match,1,0.009550466,23535916,13529088,0.051142
tutorial/052_inductWrongCtorResLevel,match,1,0.009867637,24064798,13574144,0.060392
tutorial/053_inductInIndex,match,1,0.012491352,22429011,12750848,0.048651
tutorial/054_indNeg,match,1,0.009618227,21979595,12816384,0.04909
tutorial/055_reduceCtorParam.mk,match,0,0.011106436,32036282,13570048,0.045038
tutorial/056_reduceCtorType.mk,match,1,0.008247362000000001,23306223,13492224,0.047816
tutorial/057_indNegReducible,match,1,0.015717981000000002,24974573,13582336,0.047478
tutorial/058_predWithTypeField,match,0,0.013638575,24867735,13582336,0.040462
tutorial/059_typeWithTypeField,match,0,0.010850316,24963049,13500416,0.044137
tutorial/060_typeWithTypeFieldPoly,match,0,0.011043102,25711471,13586432,0.043874
tutorial/061_typeWithTooHighTypeField.mk,match,1,0.009140137000000001,21795761,13602816,0.043522
tutorial/062_emptyRec,match,0,0.010781183000000001,23176346,13561856,0.033308
tutorial/063_boolRec,match,0,0.009347535,28396041,13586432,0.043898
tutorial/064_twoBoolRec,match,0,0.0105362,32637405,13557760,0.044047
tutorial/065_andRec,match,0,0.010338326,31223204,13565952,0.044412
tutorial/066_prodRec,match,0,0.014273547000000001,33897030,13541376,0.043167
tutorial/067_pprodRec,match,0,0.015304568000000001,34025874,11993088,0.048586
tutorial/068_punitRec,match,0,0.009839856000000001,25756475,13529088,0.042728
tutorial/069_eqRec,match,0,0.01156687,31555614,13561856,0.04723
tutorial/070_nRec,match,0,0.012942522000000001,29963481,13549568,0.041857
tutorial/071_rbTreeRef,match,0,0.022326851,93524506,13545472,0.044466
tutorial/072_boolPropRec,match,0,0.011879584,25680598,13533184,0.048047
tutorial/073_BogusRecursor,match,1,0.009056403000000001,24322135,13488128,0.047267
tutorial/074_existsRec,match,0,0.015194024,33918706,13561856,0.044888
tutorial/075_typeSingletonRecReduction,match,0,0.01346017,43299946,13541376,0.047685
tutorial/076_sortElimPropRec,match,0,0.024369453000000003,37449099,13557760,0.046928
tutorial/077_sortElimProp2Rec,match,0,0.015177639000000001,41107856,13578240,0.04802
tutorial/078_boolRecEqns,match,0,0.014283843000000001,57288615,13545472,0.050107
tutorial/079_prodRecEqns,match,0,0.013156329000000001,57981232,13533184,0.042521
tutorial/080_nRecReduction,match,0,0.030696755000000003,63418930,13512704,0.044513
tutorial/081_listRecReduction,match,0,0.020136901000000002,93792334,13529088,0.046545
tutorial/082_RBTree.id_spec,match,0,0.047851369000000005,268957893,13541376,0.050035
tutorial/083_And.right,match,0,0.008900692,33381946,13606912,0.044337
tutorial/084_Prod.snd,match,0,0.010365546,35335186,13516800,0.043854
tutorial/085_PProd.snd,match,0,0.012736385000000001,35512218,13557760,0.047296
tutorial/086_PSigma.snd,match,0,0.011446070000000001,39597079,13553664,0.043282
tutorial/087_projOutOfRange,match,1,0.01004446,31613819,13606912,0.044628
tutorial/088_projNotStruct,match,1,0.010143587,28720182,13537280,0.045046
tutorial/089_projProp1,match,0,0.013251991000000001,44344496,13500416,0.046833
tutorial/090_projProp2,match,1,0.010622197,44637840,13508608,0.044167
tutorial/091_projProp3,match,0,0.012343803,44410620,13557760,0.043732
tutorial/092_projProp4,match,1,0.014041633000000001,44322786,13537280,0.045746
tutorial/093_projProp5,match,1,0.011168879000000001,45135969,13434880,0.04685
tutorial/094_projProp6,match,1,0.013204140000000001,44487382,13488128,0.045199
tutorial/095_projDataIndexRec,match,0,0.010109457,37695808,13598720,0.046854
tutorial/096_projIndexData,match,1,0.011111283000000001,37815295,13537280,0.047781
tutorial/097_projIndexData2,match,1,0.009693559000000001,37369390,13557760,0.049362
tutorial/098_projRed,match,0,0.014508276,51575706,13455360,0.044845
tutorial/099_ruleK,match,0,0.014452003000000001,41130221,13512704,0.044973
tutorial/100_ruleKbad,match,1,0.016355097000000002,41304997,13549568,0.099077
tutorial/101_ruleKAcc,match,1,0.015441631,68230634,13545472,0.103404
tutorial/102_aNatLit,match,0,0.009436467,27904730,13500416,0.049463
tutorial/103_natLitEq,match,0,0.011047018,38151595,13529088,0.044734
tutorial/104_proofIrrelevance,match,0,0.013747887,36109859,13545472,0.046075
tutorial/105_proofIrrelevanceBad,match,1,0.018534832,35484102,13549568,0.100719
tutorial/106_proofIrrelevanceWhnf,match,0,0.016300947,38009597,13545472,0.045047
tutorial/107_unitEta1,match,0,0.022466909,39860876,13565952,0.045884
tutorial/108_unitEta2,match,0,0.014951023,38571840,13512704,0.043786
tutorial/109_unitEta3,match,0,0.010318647,38069643,13586432,0.043822
tutorial/110_indexedUnitEta,match,1,0.015328993,40199652,13504512,0.103899
tutorial/111_structEta,match,0,0.014475697000000001,66580759,13545472,0.044349
tutorial/112_indexedStructEta,match,1,0.015829177,43346749,13590528,0.103547
tutorial/113_funEta,match,0,0.011498578,36821441,13537280,0.044093
tutorial/114_funEtaDep,match,0,0.013982255,37592834,13500416,0.046979
tutorial/115_funEtaBad,match,1,0.011139225,36070593,13590528,0.097676
tutorial/116_etaRuleK,match,1,0.013438467,40153526,13541376,0.093948
tutorial/117_etaCtor,match,1,0.014237454,44663454,13524992,0.09926
tutorial/118_reflOccLeft,match,1,0.019554025000000003,29001346,13545472,0.045282
tutorial/119_reflOccInIndex,match,1,0.012931816,29813260,13565952,0.045115
tutorial/120_reduceCtorParamRefl.mk,match,0,0.012272908,33703290,13512704,0.046645
tutorial/121_reduceCtorParamRefl2.mk,match,0,0.012829945,33517907,13582336,0.048693
tutorial/122_rTreeRec,match,0,0.018161648000000002,35164716,13545472,0.046431
tutorial/123_rtreeRecReduction,match,0,0.022496353,53349824,12820480,0.046097
tutorial/124_accRecType,match,0,0.015736859000000002,49823556,13598720,0.047021
tutorial/125_accRecReduction,match,0,0.016835319,79019459,13479936,0.048583
tutorial/126_accRecNoEta,match,1,0.01720557,68412280,13574144,0.102791
tutorial/127_quotMkType,match,0,0.019071109000000003,39193010,13578240,0.045625
tutorial/128_quotIndType,match,0,0.014451331000000001,40141678,13471744,0.046002
tutorial/129_quotLiftType,match,0,0.014136264,40425646,13557760,0.04291
tutorial/130_quotSoundType,match,0,0.014181611,43633346,13606912,0.04033
tutorial/131_quotLiftReduction,match,0,0.013604354,49673663,13533184,0.043243
tutorial/132_quotIndReduction,match,0,0.012764487000000001,48158908,13545472,0.050386
tutorial/133_dup_defs,match,1,0.007974317,20158453,12718080,0.043596
tutorial/134_dup_ind_def,match,1,0.012633122,22805279,12783616,0.061046
tutorial/135_dup_ctor_def,match,1,0.011017824,22505397,12767232,0.049348
tutorial/136_dup_rec_def,match,1,0.011383838,22837571,12808192,0.040735
tutorial/137_misnamed_rec_user,match,1,0.012811577000000001,24680182,13590528,0.044898
tutorial/138_dup_rec_def2,match,1,0.008554198,23736950,13611008,0.047269
tutorial/139_dup_ctor_rec,match,1,0.010131969000000001,22146745,12779520,0.04383
tutorial/140_DupConCon,match,1,0.009051336,23586632,12812288,0.046322
tutorial/141_falseFromUnsafe,match,1,0.00830675,22797527,13520896,0.042342
tutorial/142_falseFromPartial,match,1,0.013456855,22947181,13467648,0.045876
